{"ZDylj9ZfIEIDlyiwlPc+xg==":"logo%20website%201-122x25.png","llw1x09n4ACutiIUYtMK2w==":"logo%20website%201-594x120.png","l3l6M8D/+pQvlAJvkHGgWg==":"banner3-50-960x540.png","uwqOotP2iqv6psi7oV57qw==":"poster1_1-50-960x540.png","pAwQviGGBHCJSLMIOjsp9Q==":"poster1_1-50-924x520.png","Uo9J++vN1oXNEdoRu9Gwwg==":"banner6-50-960x540.png","QK09veX2slwEG470ugS5/Q==":"14-50-492x277.png","wM4vc34+BvUxOAr8sRXH0g==":"12-50-492x277.png","IeKzvjejg/a9MypZbdu5GQ==":"5-50-492x277.png","UlRFbBrdRe2cfxKPdd0elQ==":"7-50-492x277.png","AyRnev1yafoeaJiCM9R44w==":"1-50-960x540.png","bsdgCWJuR+CPLLdR5JD9CQ==":"3-50-960x540.png","J7CK/yU/aWyy/ic634MgmQ==":"13-50-960x540.png","o77JKezQSsmgc8TGieE1xw==":"11-50-960x540.png","ay7mLrt4U4Vs2109GSZYvw==":"2-50-960x540.png","Lrk04i7SxEjJuW80F/FiPg==":"4-50-960x540.png","mb8yGAcmJQGLxWB5Ul3mXw==":"7-50-960x540.png","8hhGB2Lp1IYRNe/YL52Xnw==":"8-50-960x540.png","XbGAUSws00Fqbj3MDWvXNg==":"logo%20website%201-192x39.png","9orrnvc8ODuBcBlMZty1Pw==":"logo%20website-946x191.png","pa5Dkwo/T1qgW/t0h+fQvA==":"background5.jpg","B1YIVRJdUUbdjiw/v1qZwA==":"2-1920x1080.png","74ogAqAyc/6fSEUfIuNOBQ==":"7-952x536.png","UAc7kepzJPkrSn4uqTRvmw==":"background4.jpg","exY1jWcbBddmE8NLV0veew==":"1-1920x1080.png","ZA2urowFmnDkEx5/lQVvrg==":"0-952x536.png","ALqsNT8+onRQPvrXkvz+BQ==":"7-1920x1080.png","eD6UYr3yFT1Z8CroLx9HOQ==":"logo%20website%201-204x41.png","BBOK33SbyTzg8lYcHMBVyQ==":"sos%20white-928x713.png","osAwH6g9q7L2xQ4JZTyCyw==":"logo192-192x192.png","bhksjZPoqG5UuWkYa5AwqQ==":"logo512-512x512.png","c+CIP6ydK6agMkpymn+xoQ==":"logo192-192x192.png","hU+DgUuHCktzmZtDLh6+Bg==":"logo512-512x512.png","F6hEsg6C85hEfeZLlcEiCA==":"logo%20website%201-594x120.png","vXHytEFHtr/ZR2CfcNptIw==":"3-952x536.png","TzAAw0M2cLM/bsE87NbkGQ==":"presentasi%20teknologi%205g%20elemen%203d%20biru.gif","TP+kjcGAbKEqTEaEji9SQw==":"presentasi%20teknologi%205g%20elemen%203d%20biru%20(1).gif","00zZUyXhpQoaC0uKo25qvA==":"product1.jpg","mIIbxW0r7dEZSbMPwcoYdg==":"background2.jpg","OVMjXYT8ywPrM9j5LmGLQA==":"1168-240x240.png","2+HpPiWIjFMB5k5vDFaReA==":"965-240x240.png","t+e82bQKHYGhYXhVZMldvQ==":"987-240x240.png","W4q2/E2S526NLqtJ/LrDYA==":"1172-510x510.png","1GjJfS+y0k2k9Phsnzu8Fw==":"1017-510x510.png","dgIKtPynC/8I0Z+AJuUFug==":"1170-510x510.png","CV7BxBNH3NrgpzRWvHhc1w==":"640-510x510.png","s0e7CMEBRzA4FCM9hH5VNA==":"640-720x720.png","BDcXIMArpzzAG5qh08CHkw==":"128-510x510.png","f87VFk2gZScsnhSfOLdpLw==":"73-510x510.png","e4SCxlhVCBVnxwSLiPtMKg==":"1-510x510.png","eZIE0S+P6MQn2rGOuspdfQ==":"8-900x506.png","9JSqUYsorYysXTQ8vOLv8A==":"8-1-900x506.png","w7MswrsBRek0F/dXlcFjwg==":"7-492x277.png","iYIjT7/5Nnde+jfwqE3paA==":"5-492x277.png","KGLLuhZRWIbp5VHD7c6uSA==":"12-492x277.png","OL/SkB/TWOhjF+3/xmHKrg==":"14-492x277.png","61GHzKCTX24OsxoxysSdDQ==":"512x512.gif","sZGfxdBA87aVut1VzjXENg==":"supersol.gif","vn1GnUVzbitRaWAZPJSBxw==":"320x320%20gift.gif"}